시작,종료
09:31:00,09:32:44
09:34:10,09:35:54
09:37:20,09:39:04
09:40:30,09:42:14
09:43:40,09:45:24
09:46:50,09:48:34
09:50:00,09:51:44
09:53:10,09:54:54
09:56:20,09:58:04
09:59:30,10:01:14
10:02:40,10:04:24
10:05:50,10:07:34
10:09:00,10:10:44
10:12:10,10:13:54
10:15:20,10:17:04
10:18:30,10:20:14
10:21:40,10:23:24
10:24:50,10:26:34
10:28:00,10:29:44
10:31:10,10:32:54
10:34:20,10:36:04
10:37:30,10:39:14
10:40:40,10:42:24
10:43:50,10:45:34
10:47:00,10:48:44
10:50:10,10:51:54
10:53:20,10:55:04
10:56:30,10:58:14
10:59:40,11:01:24
11:02:50,11:04:34
11:06:00,11:07:44
11:09:10,11:10:54
11:12:20,11:14:04
11:15:30,11:17:14
11:18:40,11:20:24
11:21:50,11:23:34
11:25:00,11:26:44
11:28:10,11:29:54
11:31:20,11:33:04
11:34:30,11:36:14
11:37:40,11:39:24
11:40:50,11:42:34
11:44:00,11:45:44
11:47:10,11:48:54
11:50:20,11:52:04
11:53:30,11:55:14
11:56:40,11:58:24
11:59:50,12:01:34
12:03:00,12:04:44
12:06:10,12:07:54
12:09:20,12:11:04
12:12:30,12:14:14
12:15:40,12:17:24
12:18:50,12:20:34
12:22:00,12:23:44
12:25:10,12:26:54
12:28:20,12:30:04
12:31:30,12:33:14
12:34:40,12:36:24
12:37:50,12:39:34
12:41:00,12:42:44
12:44:10,12:45:54
12:47:20,12:49:04
12:50:30,12:52:14
12:53:40,12:55:24
12:56:50,12:58:34
13:00:00,13:01:44
13:03:10,13:04:54
13:06:20,13:08:04
13:09:30,13:11:14
13:12:40,13:14:24
13:15:50,13:17:34
13:19:00,13:20:44
13:22:10,13:23:54
13:25:20,13:27:04
13:28:30,13:30:14
13:31:40,13:33:24
13:34:50,13:36:34
13:38:00,13:39:44
13:41:10,13:42:54
13:44:20,13:46:04
13:47:30,13:49:14
13:50:40,13:52:24
13:53:50,13:55:34
13:57:00,13:58:44
14:00:10,14:01:54
14:03:20,14:05:04
14:06:30,14:08:14
14:09:40,14:11:24
14:12:50,14:14:34
14:16:00,14:17:44
14:19:10,14:20:54
14:22:20,14:24:04
14:25:30,14:27:14
14:28:40,14:30:24
14:31:50,14:33:34
14:35:00,14:36:44
14:38:10,14:39:54
14:41:20,14:43:04
14:44:30,14:46:14
14:47:40,14:49:24
14:50:50,14:52:34
14:54:00,14:55:44
14:57:10,14:58:54
15:00:20,15:02:04
15:03:30,15:05:14
15:06:40,15:08:24
15:09:50,15:11:34
15:13:00,15:14:44
15:16:10,15:17:54
15:19:20,15:21:04
15:22:30,15:24:14
15:25:40,15:27:24
15:28:50,15:30:34
15:32:00,15:33:44
15:35:10,15:36:54
15:38:20,15:40:04
15:41:30,15:43:14
15:44:40,15:46:24
15:47:50,15:49:34
15:51:00,15:52:44
15:54:10,15:55:54
15:57:20,15:59:04
16:00:30,16:02:14
16:03:40,16:05:24
16:06:50,16:08:34
16:10:00,16:11:44
16:13:10,16:14:54
16:16:20,16:18:04
16:19:30,16:21:14
16:22:40,16:24:24
16:25:50,16:27:34
16:29:00,16:30:44
16:32:10,16:33:54
16:35:20,16:37:04
16:38:30,16:40:14
16:41:40,16:43:24
16:44:50,16:46:34
16:48:00,16:49:44
16:51:10,16:52:54
16:54:20,16:56:04
16:57:30,16:59:14